"year","guests_episode","no_guest","mean_age","women","others","politics","media","entertainment","traditionals","babyboomer","gen_x","millenials","gen_z"
2013,1.55555555555556,0,48.1666666666667,25,0,0,8.33333333333333,91.6666666666667,25,16.6666666666667,41.6666666666667,16.6666666666667,0
2014,1.15789473684211,0,46.25,40,0,0,20,80,30,10,30,30,0
2015,1.26470588235294,0,43.7435897435897,15,2.5,2.5,10,85,5,27.5,52.5,15,0
2016,1.24137931034483,1,42.1515151515151,28.5714285714286,5.71428571428571,11.4285714285714,20,60,11.4285714285714,11.4285714285714,51.4285714285714,25.7142857142857,0
2017,1.35483870967742,3,42.15625,35.8974358974359,7.69230769230769,12.8205128205128,12.8205128205128,66.6666666666667,7.69230769230769,7.69230769230769,46.1538461538462,33.3333333333333,0
2018,1.2,0,44.5675675675676,34.1463414634146,9.75609756097561,12.1951219512195,17.0731707317073,60.9756097560976,4.8780487804878,9.75609756097561,65.8536585365854,19.5121951219512,0
2019,1.03333333333333,2,39.8695652173913,32.1428571428571,17.8571428571429,10.7142857142857,21.4285714285714,50,0,17.8571428571429,35.7142857142857,42.8571428571429,3.57142857142857
